gestureNo,time
0,0
1,7.18600153923035
2,12.7686023712158
3,15.4686033725739
4,22.5594997406006
5,27.4630010128021
6,33.9074969291687
7,41.0865008831024
8,45.013302564621
9,50.2016007900238
10,56.0970962047577
11,59.2984974384308
12,65.1814043521881
13,66.9922947883606
14,76.3824045658112
15,85.4438960552216
16,89.3185973167419
17,97.2953021526337
18,94.0513014793396
19,99.5981991291046
20,118.212896585464