gestureNo,time
0,0
1,7.11910128593445
2,11.5660011768341
3,18.5139954090118
4,23.564600944519
5,29.8485994338989
6,34.614098072052
7,38.3628010749817
8,44.9095010757446
9,45.4198002815247
10,58.9854001998901
11,56.5638959407806
12,67.1434044837952
13,74.1694986820221
14,77.5097012519836
15,74.3560016155243
16,91.804701089859
17,91.5051996707916
18,101.783502101898
19,104.245698451996
20,111.19430065155