gestureNo,time
0,0
1,7.41949677467346
2,11.8541955947876
3,17.5643980503082
4,23.1315016746521
5,28.7527024745941
6,35.335898399353
7,42.6624953746796
8,46.1429953575134
9,51.3606011867523
10,56.3976049423218
11,54.7116994857788
12,68.22150349617
13,74.9197006225586
14,78.5520017147064
15,81.1207950115204
16,98.4663009643555
17,95.4962015151978
18,100.270503759384
19,99.4377017021179
20,103.659796714783