gestureNo,time
0,0
1,10.6981992721558
2,15.5066967010498
3,24.3315994739532
4,28.5636007785797
5,39.0413045883179
6,34.2408001422882
7,49.4509994983673
8,65.6758010387421
9,61.5585029125214
10,79.3992042541504
11,83.932501077652
12,67.3272013664246
13,70.2069044113159
14,77.8388023376465
15,84.3210995197296
16,89.6449029445648
17,94.4010972976685
18,99.6996998786926
19,102.471899986267
20,112.438899278641