gestureNo,time
0,0
1,11.1749053001404
2,16.9342994689941
3,23.9112019538879
4,29.6118974685669
5,32.6422989368439
6,42.0910000801086
7,55.0660014152527
8,55.3605020046234
9,62.8383994102478
10,60.6389999389648
11,79.3308019638062
12,86.8137955665588
13,95.8315014839172
14,98.343700170517
15,110.971796512604
16,114.314198493958
17,123.543900251389
18,128.186804056168
19,108.476203680038
20,136.851501464844