gestureNo,time
0,0
1,10.1213991641998
2,13.2982969284058
3,16.7187035083771
4,23.3965039253235
5,27.888298034668
6,33.039402961731
7,38.1824016571045
8,46.2538957595825
9,52.5345027446747
10,57.449197769165
11,97.5440979003906
12,67.077100276947
13,64.5144045352936
14,80.119800567627
15,86.9620025157928
16,90.3123021125793
17,96.4208006858826
18,97.0641016960144
19,92.5638973712921
20,114.629501104355