gestureNo,time
0,0
1,0.0986949801445007
2,0.135560989379883
3,0.172519028186798
4,0.250440955162048
5,0.261823952198029
6,0.322580993175507
7,0.394289970397949
8,0.455040991306305
9,0.495734035968781
10,0.545960009098053
11,0.557125985622406
12,0.630726993083954
13,0.68573397397995
14,0.73310399055481
15,0.820535004138947
16,0.858361005783081
17,0.856958031654358
18,0.970944046974182
19,0.991162002086639
20,1.05550998449326