gestureNo,time
1,0.100714027881622
2,0.180058002471924
3,0.243490040302277
4,0.303510963916779
5,0.391993999481201
6,0.446803987026215
7,0.495577991008759
8,0.588660955429077
9,0.640712022781372
10,0.741706013679504
11,0.69625997543335
12,0.619697988033295
13,0.667473971843719
14,0.70612895488739
15,0.730177044868469
16,0.829208016395569
17,0.886997044086456
18,0.946326017379761
19,0.790105998516083
20,1.03930997848511