gestureNo,time
1,0.0945360064506531
2,0.131430983543396
3,0.180001974105835
4,0.278388023376465
5,0.260926008224487
6,0.330407977104187
7,0.403205990791321
8,0.459215998649597
9,0.513104975223541
10,0.548169016838074
11,0.589327991008759
12,0.662495017051697
13,0.702506005764008
14,0.709073960781097
15,0.814648985862732
16,0.869304001331329
17,0.842914044857025
18,0.973856031894684
19,0.988134980201721
20,1.0489239692688