gestureNo,time
0,0
1,0.106646001338959
2,0.167028963565826
3,0.237206041812897
4,0.295759975910187
5,0.398079037666321
6,0.401030004024506
7,0.482281982898712
8,0.578507006168365
9,0.626890003681183
10,0.663524985313416
11,0.833402991294861
12,0.914963006973267
13,0.916957020759583
14,1.01115202903748
15,1.0533589720726
16,1.10776400566101
17,1.18602895736694
18,1.22932100296021
19,1.36078298091888
20,1.56703799962997