gestureNo,time
0,0
1,0.0821189880371094
2,0.121484994888306
3,0.193262040615082
4,0.2066969871521
5,0.315922975540161
6,0.257260024547577
7,0.365433990955353
8,0.424560010433197
9,0.474694967269897
10,0.560863971710205
11,0.601281046867371
12,0.680206000804901
13,0.679662048816681
14,0.782167017459869
15,0.827827990055084
16,0.829901039600372
17,0.90251499414444
18,0.983794987201691
19,1.05323201417923
20,1.08351498842239