gestureNo,time
0,0
1,0.0706419944763184
2,0.114987015724182
3,0.225881993770599
4,0.215085983276367
5,0.31497198343277
6,0.318867981433868
7,0.372045040130615
8,0.408050000667572
9,0.474506974220276
10,0.526295006275177
11,0.574710011482239
12,0.677618026733398
13,0.64334899187088
14,0.757853984832764
15,0.794965028762817
16,0.845821976661682
17,0.91352105140686
18,0.951782047748566
19,0.910724997520447
20,1.16921001672745