gestureNo,time
0,0
1,9.222533305
2,14.17584916
3,20.87268531
4,25.83138148
5,32.39529928
6,34.61584946
7,41.88058277
8,48.56724938
9,53.76071632
10,59.77531672
11,64.20180003
12,69.76178388
13,71.59470022
14,78.32466563
15,84.0252171
16,89.00600076
17,93.14890206
18,100.9337356
19,101.5690496
20,116.058449