gestureNo,time
1,0.00813204050064087
2,0.0120419859886169
3,0.0178269743919373
4,0.0240390300750732
5,0.0266809463500977
6,0.031948983669281
7,0.0411210060119629
8,0.0421029925346375
9,0.0479089617729187
10,0.0620650053024292
11,0.0570350289344788
12,0.0625039935112
13,0.0668730139732361
14,0.0758199691772461
15,0.082817018032074
16,0.0853630304336548
17,0.0880849957466125
18,0.0929579734802246
19,0.0985559821128845
20,0.102818012237549