gestureNo,time
1,0.0106359720230103
2,0.0146940350532532
3,0.037322998046875
4,0.0314620137214661
5,0.0314310193061829
6,0.0413910150527954
7,0.0463079810142517
8,0.0547299981117249
9,0.0635330080986023
10,0.0677650570869446
11,0.0716480016708374
12,0.0654850006103516
13,0.0675649642944336
14,0.0752210021018982
15,0.0785869956016541
16,0.0835449695587158
17,0.0880330204963684
18,0.100287973880768
19,0.102984011173248
20,0.105679035186768