gestureNo,time
1,0.0110859870910645
2,0.0121270418167114
3,0.024258017539978
4,0.0406709909439087
5,0.0370199680328369
6,0.0400499701499939
7,0.0498769879341125
8,0.0507709980010986
9,0.0774409770965576
10,0.0696729421615601
11,0.0793839693069458
12,0.0817019939422607
13,0.102930009365082
14,0.0886020064353943
15,0.0988110303878784
16,0.108561992645264
17,0.121309995651245
18,0.113390982151031
19,0.122779011726379
20,0.130976974964142