gestureNo,time
1,0.00936996936798096
2,0.0151740312576294
3,0.0226289629936218
4,0.0349550247192383
5,0.0786070227622986
6,0.0459949970245361
7,0.0592949986457825
8,0.0675359964370728
9,0.0618169903755188
10,0.0620030164718628
11,0.0778959989547729
12,0.085303008556366
13,0.0997989773750305
14,0.0871670246124268
15,0.125626981258392
16,0.1251580119133
17,0.119289994239807
18,0.123490989208221
19,0.119810044765472
20,0.144300997257233