gestureNo,time
1,0.00723505020141602
2,0.0122079849243164
3,0.0177710056304932
4,0.0237500071525574
5,0.0305919647216797
6,0.0342549681663513
7,0.044683039188385
8,0.0428270101547241
9,0.0480780005455017
10,0.0535680055618286
11,0.0577229857444763
12,0.0626679658889771
13,0.070688009262085
14,0.0849720239639282
15,0.0906909704208374
16,0.103914022445679
17,0.100480020046234
18,0.0965250134468079
19,0.0986070036888123
20,0.102877020835876